{"cameraMode":{"drawMode":0,"name":"Shaded","section":"Shading Mode"},"sceneLighting":true,"audioPlay":false,"sceneViewState":{"m_AlwaysRefresh":false,"showFog":true,"showSkybox":true,"showFlares":true,"showImageEffects":true,"showParticleSystems":true,"showVisualEffectGraphs":true,"m_FxEnabled":true},"in2DMode":false,"pivot":{"x":19.936565399169923,"y":1.1979684829711915,"z":28.000038146972658},"rotation":{"x":-0.12608474493026734,"y":-0.20790106058120728,"z":0.02703690715134144,"w":-0.9696202278137207},"size":35.98125076293945,"orthographic":false}